<?xml version="1.0" encoding="UTF-8"?>
<gui>
	<control><control g="" h="15" hwnd="18220348" options="-Wrap Center" reload="1" style="" type="Text" v="" value="Admin ALL THE THINGS" w="154" x="7" y="18"></control>
		<control g="" h="21" hwnd="2622804" options="1 Uppercase" reload="1" style="" type="Edit" v="computername" value="Computer Name" w="109" x="28" y="50"></control>
		<control g="" h="23" hwnd="2884254" options="Default" reload="1" style="" type="Button" v="" value="Add" w="43" x="27" y="76"></control>
		<control g="" h="18" hwnd="4850840" options="" reload="1" style="" type="Text" v="" value="---------------------------------------------------" w="163" x="6" y="32"></control>
		<control g="ButtonEnableThreatening" h="23" hwnd="9700010" options="" reload="1" style="" type="Button" v="" value="Enable Threatening" w="109" x="32" y="173"></control>
		<control g="ButtonGetIdleTime" h="24" hwnd="15533720" options="" reload="1" style="" type="Button" v="" value="Get User Idle Time" w="109" x="32" y="205"></control>
		<control g="ButtonSendThreat" h="24" hwnd="6359072" options="" reload="1" style="" type="Button" v="" value="Send Threat" w="96" x="39" y="237"></control>
		<control g="ButtonRebootClient" h="23" hwnd="6228006" options="" reload="1" style="" type="Button" v="" value="Reboot Client" w="112" x="33" y="627"></control>
		<control g="" h="31" hwnd="18941868" options="0x1000 Center" reload="1" style="" type="Text" v="thecontrolled" value="Current controlled Computer is `n%computername%" w="157" x="8" y="106"></control>
		<control g="ButtonShutdownClient" h="23" hwnd="2228250" options="" reload="1" style="" type="Button" v="" value="Shutdown Client" w="113" x="33" y="657"></control>
		<control g="ButtonPingForever" h="25" hwnd="6884060" options="" reload="1" style="" type="Button" v="" value="Ping Forever" w="115" x="32" y="685"></control>
		<control g="ButtonArbitraryFile" h="22" hwnd="16450726" options="" reload="1" style="" type="Button" v="" value="Run Arbitrary File" w="114" x="31" y="309"></control>
		<control g="ButtonRunFresh" h="26" hwnd="14222384" options="" reload="1" style="" type="Button" v="" value="Run Fresh Image Install" w="160" x="8" y="337"></control>
		<control g="ButtonQueryUpdates" h="26" hwnd="6030558" options="" reload="1" style="" type="Button" v="" value="Query for Updates" w="139" x="19" y="477"></control>
		<control g="ButtonViewProcs" h="24" hwnd="5768370" options="" reload="1" style="" type="Button" v="" value="Current Processes" w="124" x="27" y="401"></control>
		<control g="ButtonPSKill" h="25" hwnd="17302808" options="" reload="1" style="" type="Button" v="" value="Kill Process" w="83" x="48" y="430"></control>
		<control g="ButtonExplore" h="26" hwnd="6949630" options="" reload="1" style="" type="Button" v="" value="Open in Explorer" w="159" x="8" y="369"></control>
		<control g="ButtonRunUpdates" h="24" hwnd="5573274" options="" reload="1" style="" type="Button" v="" value="Run Updates" w="103" x="39" y="512"></control>
		<control g="ButtonPSinfoApps" h="25" hwnd="12978642" options="" reload="1" style="" type="Button" v="" value="View Installed Apps" w="152" x="12" y="547"></control>
		<control g="" h="18" hwnd="2424856" options="" reload="1" style="" type="Text" v="" value="---------------------------------------------------" w="163" x="11" y="291"></control>
		<control g="" h="18" hwnd="3540220" options="" reload="1" style="" type="Text" v="" value="---------------------------------------------------" w="163" x="11" y="457"></control>
		<control g="" h="18" hwnd="5244928" options="" reload="1" style="" type="Text" v="" value="---------------------------------------------------" w="163" x="12" y="580"></control>
		<control g="ButtonChat" h="23" hwnd="46597836" options="" reload="1" style="" type="Button" v="" value="Chat" w="43" x="64" y="267"></control>
		<control g="ButtonCleanup" h="23" hwnd="28117434" options="" reload="1" style="" type="Button" v="" value="Cleanup Files" w="112" x="33" y="598"></control>
		<control g="ButtonMSTSC" h="23" hwnd="6161844" options="" reload="1" style="" type="Button" v="" value="Remote In" w="109" x="32" y="145"></control>
		<control g="" h="18" hwnd="8587990" options="" reload="1" style="" type="Text" v="" value="---------------------------------------------------" w="163" x="12" y="713"></control>
		<control g="ButtonHotkeyInfo" h="25" hwnd="9439226" options="" reload="1" style="" type="Button" v="" value="HotKey Help" w="115" x="32" y="729"></control>
		<control g="MyListView" h="735" hwnd="5769702" options="AltSubmit Checked Grid" reload="1" style="" type="ListView" v="" value="Computer Name|IP Address IPV4|Updates Running|Computer On|Last Seen" w="436" x="179" y="13"></control>
		<control g="RefreshListView" h="23" hwnd="9439316" options="" reload="1" style="" type="Button" v="" value="Refresh" w="50" x="87" y="76"></control>
	</control>
	<groupbox></groupbox>
	<show h="765" w="637" x="234" y="89"></show>
	<tab></tab>
</gui>
